{"cameraMode":{"drawMode":0,"name":"Shaded","section":"Shading Mode"},"sceneLighting":false,"audioPlay":false,"sceneViewState":{"m_AlwaysRefresh":false,"showFog":true,"showSkybox":false,"showFlares":true,"showImageEffects":true,"showParticleSystems":true,"showVisualEffectGraphs":true,"m_FxEnabled":true},"in2DMode":false,"pivot":{"x":65.54000091552735,"y":0.5000070929527283,"z":-28.059999465942384},"rotation":{"x":0.015782110393047334,"y":-0.09825164824724198,"z":0.001968975877389312,"w":0.995463490486145},"size":4.690424919128418,"orthographic":false}