{"cameraMode":{"drawMode":0,"name":"Shaded","section":"Shading Mode"},"sceneLighting":false,"audioPlay":false,"sceneViewState":{"m_AlwaysRefresh":false,"showFog":true,"showSkybox":false,"showFlares":true,"showImageEffects":true,"showParticleSystems":true,"showVisualEffectGraphs":true,"m_FxEnabled":true},"in2DMode":false,"pivot":{"x":85.86253356933594,"y":1.1248984336853028,"z":155.71156311035157},"rotation":{"x":-0.19943854212760926,"y":0.24711085855960847,"z":-0.05358795076608658,"w":-0.9473040699958801},"size":0.8383110761642456,"orthographic":false}