{"cameraMode":{"drawMode":0,"name":"Shaded","section":"Shading Mode"},"sceneLighting":false,"audioPlay":false,"sceneViewState":{"m_AlwaysRefresh":false,"showFog":true,"showSkybox":false,"showFlares":true,"showImageEffects":true,"showParticleSystems":true,"showVisualEffectGraphs":true,"m_FxEnabled":true},"in2DMode":false,"pivot":{"x":30.120006561279298,"y":3.0000088214874269,"z":-9.619999885559082},"rotation":{"x":-0.0708666518330574,"y":0.07031826674938202,"z":0.005458093713968992,"w":0.9953969717025757},"size":8.768852233886719,"orthographic":false}