{"cameraMode":{"drawMode":0,"name":"Shaded","section":"Shading Mode"},"sceneLighting":false,"audioPlay":false,"sceneViewState":{"m_AlwaysRefresh":false,"showFog":true,"showSkybox":false,"showFlares":true,"showImageEffects":true,"showParticleSystems":true,"showVisualEffectGraphs":true,"m_FxEnabled":true},"in2DMode":false,"pivot":{"x":103.2576904296875,"y":1.4809999465942383,"z":123.90653228759766},"rotation":{"x":0.005103933159261942,"y":-0.9646322131156921,"z":0.018198508769273759,"w":0.2645035684108734},"size":2.0327513217926027,"orthographic":false}